{"LearningRate":0.1,"NumNeuronsInput":5,"NumNeuronsHidden":11,"HiddenWeights":[0.8210369816323764,-1.3509123098738351,0.8040498892081336,2.13210862118805,-1.1402290264822326,0.6248175129848044,-0.0778779476868069,0.8417845357602979,-16.850618114991793,0.05065538120680281,3.445381820066366,1.4442168448656798,-0.4255739849024177,1.3047600185296477,-2.411387353769591,-2.3480559739718885,-6.128759014893121,-0.35598918233034443,0.3965574578964809,-10.724812067207624,3.5626924421214667,1.5560127387699487,1.0206080602906693,5.853837159447455,0.9859935689271315,-2.684229186794259,-4.008529846347963,10.680309618814738,-0.09158443282795661,1.6199620173473877,6.253781948120882,-7.885533138957153,3.4163255946859987,0.6320084918395339,-1.363989815196119,0.4639320788817548,2.504410989068719,4.949827398662614,2.9090302869638136,-0.029393824045930612,0.658501796794946,19.790696061847992,9.635168284485223,-4.820297149966746,0.056324763162170235,-13.253475362822048,0.09840235706667189,-2.3230995807655774,26.47960972292031,-12.056063123322538,0.43458373798701194,1.1781719216033155,11.63600416919859,-3.957933211356901,-17.422449344911005],"OutputWeights":[0.12705063308437187,9.74624412513744,0.11432709193254167,-3.4509491887702035,12.953592618953701,-11.069290794688676,-0.6135670511632436,2.3860438160947073,-13.361815108683793,-10.791936250090197,10.951107057221815],"MaxValues":[0.783386923901393,4744.35,-1256.8,3421.70099813045,167404581.10247,6560.08941737517],"MinValues":[0.0874929893438026,405.69,-3557.18,-2429.98054589643,7120120.24276617,3636.99810864146]}