{"LearningRate":0.01,"NumNeuronsInput":5,"NumNeuronsHidden":11,"HiddenWeights":[-0.3968812755955031,-0.3968812755955031,-0.3968812755955031,-0.3968812755955031,-0.3968812755955031,-0.3968812755955031,-0.3968812755955031,-0.3968812755955031,-0.3968812755955031,-0.3968812755955031,-0.3968812755955031,-1.559624254046214,-1.559624254046214,-1.559624254046214,-1.559624254046214,-1.559624254046214,-1.559624254046214,-1.559624254046214,-1.559624254046214,-1.559624254046214,-1.559624254046214,-1.559624254046214,2.0317150500757024,2.0317150500757024,2.0317150500757024,2.0317150500757024,2.0317150500757024,2.0317150500757024,2.0317150500757024,2.0317150500757024,2.0317150500757024,2.0317150500757024,2.0317150500757024,0.3117561978127402,0.3117561978127402,0.3117561978127402,0.3117561978127402,0.3117561978127402,0.3117561978127402,0.3117561978127402,0.3117561978127402,0.3117561978127402,0.3117561978127402,0.3117561978127402,-0.6482255696811001,-0.6482255696811001,-0.6482255696811001,-0.6482255696811001,-0.6482255696811001,-0.6482255696811001,-0.6482255696811001,-0.6482255696811001,-0.6482255696811001,-0.6482255696811001,-0.6482255696811001],"OutputWeights":[-0.09973668203674524,-0.09973668203674524,-0.09973668203674524,-0.09973668203674524,-0.09973668203674524,-0.09973668203674524,-0.09973668203674524,-0.09973668203674524,-0.09973668203674524,-0.09973668203674524,-0.09973668203674524],"MaxValues":[0.783386923901393,4744.35,-1256.8,3421.70099813045,167404581.10247,6560.08941737517],"MinValues":[0.0874929893438026,405.69,-3557.18,-2429.98054589643,7120120.24276617,3636.99810864146]}